Company Name,Location,Position,Start Date,End Date
HealthFirst,"New York, NY",Junior Developer,07/01/2021,08/30/2021
GreenSolutions,"San Francisco, CA",Junior Developer,08/01/2020,09/30/2020
TechCorp,"San Francisco, CA",Junior Developer,06/01/2020,09/30/2020
BlueOcean,"Boston, MA",Analyst,07/01/2020,09/30/2020
EduGrowth,"San Francisco, CA",Junior Developer,06/01/2020,08/30/2020
GreenSolutions,"Seattle, WA",Junior Developer,08/01/2022,09/30/2022
GreenSolutions,"Boston, MA",Intern,07/01/2023,09/30/2023
BlueOcean,"Boston, MA",Intern,06/01/2023,08/30/2023
BlueOcean,"Seattle, WA",Intern,07/01/2020,08/30/2020
InnovateX,"Boston, MA",Intern,08/01/2023,08/30/2023
